timer,fight_result,is_round_over,player1_health,player1_x_coord,player1_is_jumping,player1_is_crouching,player2_health,player2_x_coord,player2_is_jumping,player2_is_crouching,player1_buttons_up,player1_buttons_down,player1_buttons_right,player1_buttons_left
152,0,0,160,205,0,0,176,257,0,0,0,0,0,0
152,0,0,160,205,0,0,176,257,0,0,0,0,0,1
152,0,0,160,205,0,0,176,257,0,0,1,1,0,1
152,0,0,160,205,0,0,176,257,0,0,0,0,0,0
152,0,0,160,203,0,0,176,257,0,0,0,1,0,0
152,0,0,160,201,0,0,176,257,0,0,0,1,1,0
152,0,0,160,197,0,0,176,257,0,0,0,0,0,0
152,0,0,160,197,0,0,176,257,0,0,0,0,1,0
152,0,0,160,193,0,0,176,257,0,0,1,0,0,0
152,0,0,160,191,0,0,176,257,0,0,0,0,0,0
152,0,0,160,190,0,0,176,257,0,0,0,0,0,1
152,0,0,160,189,0,0,176,257,0,0,0,1,0,1
152,0,0,160,189,0,0,176,257,0,0,0,0,0,0
152,0,0,160,189,0,0,176,257,0,0,0,1,0,0
152,0,0,160,189,0,0,176,257,0,0,1,1,1,0
152,0,0,160,189,0,1,176,257,0,0,0,0,0,0
152,0,0,160,189,0,0,176,257,0,0,0,0,1,0
152,0,0,160,189,0,0,176,257,0,0,0,0,0,0
152,0,0,160,189,0,0,176,257,0,0,1,0,0,0
152,0,0,160,189,0,0,176,257,0,0,0,0,0,1
152,0,0,160,207,0,0,176,254,0,0,0,1,0,1
152,0,0,160,207,0,0,176,254,0,0,0,0,0,0
152,0,0,160,189,0,0,176,257,0,0,0,1,0,0
152,0,0,160,204,1,0,176,254,0,0,0,1,1,0
152,0,0,160,191,1,0,176,257,0,0,0,0,0,0
151,0,0,160,206,1,0,176,254,0,0,0,0,1,0
151,0,0,160,210,1,0,176,251,0,0,0,0,0,0
151,0,0,160,197,1,0,176,251,0,0,0,0,0,0
151,0,0,160,198,1,0,176,250,0,0,0,0,0,1
151,0,0,160,213,1,0,155,247,0,0,0,1,0,1
151,0,0,160,198,1,0,155,249,0,0,0,0,0,0
151,0,0,160,198,1,0,155,249,0,0,0,1,0,0
151,0,0,160,198,1,0,155,249,0,0,0,1,1,0
151,0,0,160,198,1,0,155,249,0,0,0,0,0,0
151,0,0,160,198,1,0,155,249,0,0,0,0,1,0
151,0,0,160,198,1,0,155,249,0,0,0,0,0,0
151,0,0,160,198,1,0,155,249,0,0,0,0,0,0
151,0,0,160,198,1,0,155,249,0,0,0,0,0,1
151,0,0,160,198,1,0,155,249,0,0,0,1,0,1
151,0,0,160,198,1,0,155,249,0,0,0,0,0,0
151,0,0,160,199,1,0,155,249,0,0,0,1,0,0
151,0,0,160,199,1,0,155,249,0,0,0,1,1,0
151,0,0,160,199,1,0,155,251,0,0,0,0,0,0
151,0,0,160,199,1,0,155,252,0,0,0,0,1,0
151,0,0,160,199,1,0,155,253,0,0,0,0,0,0
151,0,0,160,199,1,0,155,254,0,0,0,0,0,0
151,0,0,160,199,1,0,155,257,0,0,0,0,0,1
151,0,0,160,199,1,0,155,258,0,0,0,1,0,1
151,0,0,160,199,1,0,155,259,0,0,0,0,0,0
151,0,0,160,199,1,0,155,261,0,0,0,1,0,0
151,0,0,160,199,1,0,155,261,0,0,0,1,1,0
151,0,0,160,199,1,0,155,264,0,0,0,0,0,0
151,0,0,160,199,1,0,155,266,0,0,0,0,1,0
151,0,0,160,199,1,0,155,267,0,0,0,0,0,0
151,0,0,160,199,1,0,155,267,0,0,0,0,0,0
151,0,0,160,199,1,0,155,271,0,0,0,0,0,1
150,0,0,160,199,1,0,155,272,0,0,0,1,0,1
150,0,0,160,199,0,0,155,273,0,0,0,0,0,0
150,0,0,160,199,0,0,155,274,0,0,0,1,0,0
150,0,0,160,199,0,0,155,275,0,0,0,1,1,0
150,0,0,160,199,0,0,155,276,0,0,0,0,0,0
150,0,0,160,199,0,0,155,279,0,0,0,0,1,0
150,0,0,160,199,0,0,155,280,0,0,0,0,0,0
150,0,0,160,199,0,0,155,281,0,0,0,0,0,0
150,0,0,160,199,0,0,155,282,0,0,0,0,0,1
150,0,0,160,198,0,0,155,283,0,0,0,1,0,1
150,0,0,160,198,0,0,155,286,0,0,0,0,0,0
150,0,0,160,198,0,1,155,287,0,0,0,1,0,0
150,0,0,160,198,0,1,155,288,0,0,0,1,1,0
150,0,0,160,198,0,1,155,289,0,0,0,0,0,0
150,0,0,160,198,0,1,155,291,0,0,0,0,1,0
150,0,0,160,198,0,0,155,293,0,0,0,0,0,0
150,0,0,160,198,0,0,155,295,0,0,0,0,0,0
150,0,0,160,198,0,0,155,295,0,0,0,0,0,1
150,0,0,160,198,0,0,155,297,0,0,0,1,0,1
150,0,0,160,198,0,0,155,300,0,0,0,0,0,0
150,0,0,160,198,0,0,155,301,0,0,0,1,0,0
150,0,0,160,198,0,0,155,301,0,0,0,1,1,0
150,0,0,160,200,1,0,155,301,0,0,1,0,0,0
150,0,0,160,200,1,0,155,301,1,0,0,0,1,0
150,0,0,160,202,1,0,155,301,1,0,0,0,0,0
150,0,0,160,207,1,0,155,305,1,0,0,0,0,0
150,0,0,160,207,1,0,155,307,1,0,0,0,0,1
150,0,0,160,208,1,0,155,308,1,0,0,1,0,1
150,0,0,160,208,1,0,155,309,1,0,0,0,0,0
150,0,0,160,208,1,0,155,312,1,0,0,1,0,0
150,0,0,160,208,1,0,155,312,1,0,0,1,1,0
150,0,0,160,208,1,0,155,315,1,0,0,0,0,0
149,0,0,160,208,1,0,155,317,1,0,0,0,1,0
149,0,0,160,208,1,0,155,320,1,0,0,0,0,0
149,0,0,160,208,1,0,155,321,1,0,0,0,0,0
149,0,0,160,208,1,0,155,322,1,0,0,0,0,1
149,0,0,160,208,1,0,155,324,1,0,0,1,0,1
149,0,0,160,208,1,0,155,325,1,0,0,0,0,0
149,0,0,160,208,1,0,155,327,0,0,0,1,0,0
149,0,0,160,208,1,0,155,328,0,0,0,1,1,0
149,0,0,160,208,1,0,155,329,0,0,0,0,0,0
149,0,0,160,208,1,0,155,329,0,0,0,0,1,0
149,0,0,160,208,1,0,155,329,0,0,0,0,0,0
149,0,0,160,208,1,0,155,330,0,0,0,0,0,0
149,0,0,160,208,1,0,155,330,0,0,0,0,0,1
149,0,0,160,208,0,0,155,330,0,0,0,1,0,1
149,0,0,160,208,0,0,155,331,0,0,0,0,0,0
149,0,0,160,208,0,0,155,331,0,0,0,1,0,0
149,0,0,160,208,0,0,155,331,0,0,0,1,1,0
149,0,0,160,208,0,0,155,331,0,0,0,0,0,0
149,0,0,160,208,0,0,155,331,0,0,0,0,1,0
149,0,0,160,208,0,0,155,331,0,0,0,0,0,0
149,0,0,160,208,0,0,155,331,0,0,0,0,0,0
149,0,0,160,208,0,0,155,331,0,0,0,0,0,1
149,0,0,160,208,0,0,155,331,0,0,0,1,0,1
149,0,0,160,208,0,0,155,331,0,0,0,0,0,0
149,0,0,160,208,0,0,155,331,0,0,0,1,0,0
149,0,0,160,208,0,0,155,331,0,0,0,1,1,0
149,0,0,160,208,0,0,155,331,0,0,0,0,0,0
149,0,0,160,211,1,0,155,331,0,0,0,0,1,0
149,0,0,160,213,1,0,155,331,0,0,0,0,0,0
149,0,0,160,214,1,0,155,331,0,0,0,0,0,0
149,0,0,160,217,1,0,155,331,0,0,0,0,0,1
148,0,0,160,218,1,0,155,331,0,0,0,1,0,1
148,0,0,160,218,1,0,155,331,0,0,0,0,0,0
148,0,0,160,219,1,0,155,331,0,0,0,1,0,0
148,0,0,160,219,1,0,155,331,0,0,0,1,1,0
148,0,0,160,219,1,0,155,331,0,0,0,0,0,0
148,0,0,160,219,1,0,155,331,0,0,0,0,1,0
148,0,0,160,219,1,0,155,331,0,0,0,0,0,0
148,0,0,160,219,1,0,155,331,0,0,0,0,0,0
148,0,0,160,219,1,0,155,331,0,0,0,0,0,1
148,0,0,160,219,1,0,155,331,0,0,0,1,0,1
148,0,0,160,219,1,0,155,331,0,0,0,0,0,0
148,0,0,160,219,1,0,155,331,0,0,0,1,0,0
148,0,0,160,219,1,0,155,331,0,0,0,1,1,0
148,0,0,160,219,1,0,155,331,0,0,0,0,0,0
148,0,0,160,219,1,0,155,331,0,0,0,0,1,0
148,0,0,160,219,1,0,155,331,0,0,0,0,0,0
148,0,0,160,219,1,0,155,331,0,0,0,0,0,0
148,0,0,160,219,1,0,155,331,0,0,0,0,0,1
148,0,0,160,219,0,0,155,331,0,0,0,1,0,1
148,0,0,160,219,0,0,155,329,0,0,0,0,0,0
148,0,0,160,219,0,0,155,326,0,0,0,1,0,0
148,0,0,160,219,0,0,155,325,0,0,0,1,1,0
148,0,0,160,219,0,0,155,322,0,0,0,0,0,0
148,0,0,160,219,0,0,155,322,0,0,0,0,1,0
148,0,0,160,219,0,0,155,319,0,0,0,0,0,0
148,0,0,160,219,0,0,155,318,0,0,0,0,0,0
148,0,0,160,219,0,0,155,316,0,0,0,0,0,1
148,0,0,160,218,0,0,155,315,0,0,0,1,0,1
148,0,0,160,218,0,0,155,312,0,0,0,0,0,0
148,0,0,160,218,0,1,155,311,0,0,0,1,0,0
148,0,0,160,218,0,1,155,309,0,0,0,1,1,0
148,0,0,160,218,0,1,155,308,0,0,0,0,0,0
147,0,0,160,218,0,1,155,305,0,0,0,0,1,0
147,0,0,160,218,0,0,155,302,0,0,0,0,0,0
147,0,0,160,218,0,0,155,302,0,0,0,0,0,0
147,0,0,160,239,0,0,155,296,0,0,0,0,0,1
147,0,0,160,218,0,0,155,296,0,0,0,1,0,1
147,0,0,160,218,0,0,155,295,0,0,0,0,0,0
147,0,0,160,218,0,0,155,293,0,0,0,1,0,0
147,0,0,160,218,0,0,155,292,0,0,0,1,1,0
147,0,0,160,218,0,0,155,289,0,0,0,0,0,0
147,0,0,160,218,0,0,155,289,0,0,0,0,1,0
147,0,0,160,218,0,0,155,287,0,0,0,0,0,0
147,0,0,160,218,0,0,155,284,0,0,0,0,0,0
147,0,0,160,218,0,0,155,282,0,0,0,0,0,1
147,0,0,160,218,0,0,155,280,0,0,0,1,0,1
147,0,0,160,218,0,0,155,277,0,0,0,0,0,0
147,0,0,160,218,0,0,155,277,0,0,0,1,0,0
147,0,0,160,218,0,0,155,276,0,0,0,1,1,0
147,0,0,160,218,0,0,155,273,0,0,0,0,0,0
147,0,0,160,218,0,0,155,271,0,0,0,0,1,0
147,0,0,160,218,0,0,155,270,0,0,0,0,0,0
147,0,0,160,218,0,0,155,269,0,0,0,0,0,0
147,0,0,160,218,0,0,155,269,0,1,0,0,0,1
147,0,0,160,218,0,0,155,269,0,1,0,1,0,1
147,0,0,160,218,0,0,155,269,0,1,0,0,0,0
147,0,0,160,239,0,0,155,262,0,1,0,1,0,0
147,0,0,160,218,0,0,155,269,0,1,0,1,1,0
147,0,0,160,218,0,0,155,269,0,1,0,0,0,0
147,0,0,160,218,0,0,155,269,0,1,0,0,1,0
147,0,0,160,218,0,0,155,269,0,1,0,0,0,0
147,0,0,160,218,0,0,155,269,0,0,0,0,0,0
147,0,0,160,239,0,0,150,267,0,0,0,0,0,1
146,0,0,160,218,0,0,150,271,0,0,0,1,0,1
146,0,0,160,218,0,0,150,271,0,0,0,0,0,0
146,0,0,160,218,0,0,150,271,0,0,0,1,0,0
146,0,0,160,218,0,0,150,271,0,0,0,1,1,0
146,0,0,160,218,0,0,150,271,0,0,0,0,0,0
146,0,0,160,218,0,0,150,271,0,0,0,0,1,0
146,0,0,160,218,0,0,150,271,0,0,0,0,0,0
146,0,0,160,218,0,0,150,271,0,0,0,0,0,0
146,0,0,160,218,0,0,150,271,0,0,0,0,0,1
146,0,0,160,218,0,0,150,271,0,0,0,1,0,1
146,0,0,160,218,0,0,150,271,0,0,0,0,0,0
146,0,0,160,218,0,0,150,271,0,0,0,1,0,0
146,0,0,160,218,0,0,150,273,0,0,0,1,1,0
146,0,0,160,218,0,0,150,275,0,0,0,0,0,0
146,0,0,160,218,0,0,150,279,0,0,0,0,1,0
146,0,0,160,218,0,0,150,281,0,0,0,0,0,0
146,0,0,160,218,0,0,150,283,0,0,0,0,0,0
146,0,0,160,218,0,0,150,286,0,0,0,0,0,1
146,0,0,160,239,0,0,150,283,0,0,0,1,0,1
146,0,0,160,218,0,0,150,287,0,0,0,0,0,0
146,0,0,160,218,0,0,150,287,0,0,0,1,0,0
146,0,0,160,218,0,0,150,287,0,0,0,1,1,0
146,0,0,160,218,0,0,150,288,0,0,0,0,0,0
146,0,0,160,218,0,0,150,289,0,0,0,0,1,0
146,0,0,160,218,0,0,150,291,0,0,0,0,0,0
146,0,0,160,218,0,0,150,292,0,0,0,0,0,0
146,0,0,160,218,0,0,150,293,0,0,0,0,0,1
146,0,0,160,218,0,0,150,295,0,0,0,1,0,1
146,0,0,160,218,0,0,150,296,0,0,0,0,0,0
146,0,0,160,218,0,0,150,296,0,0,0,1,0,0
146,0,0,160,218,0,0,150,297,0,0,0,1,1,0
145,0,0,160,218,0,0,150,299,0,0,0,0,0,0
145,0,0,160,218,0,0,150,299,0,0,0,0,1,0
145,0,0,160,218,0,0,150,298,0,0,0,0,0,0
145,0,0,160,218,0,0,150,296,0,0,0,0,0,0
145,0,0,160,218,0,0,150,294,0,0,0,0,0,1
145,0,0,160,218,0,0,150,291,0,0,0,1,0,1
145,0,0,160,236,0,0,150,288,0,0,0,0,0,0
145,0,0,160,218,0,0,150,286,0,0,0,1,0,0
145,0,0,160,218,0,0,150,285,0,0,0,1,1,0
145,0,0,160,233,0,0,150,282,0,0,0,0,0,0
145,0,0,160,220,1,0,150,282,0,0,0,0,1,0
145,0,0,160,224,1,0,150,279,0,0,0,0,0,0
145,0,0,160,239,1,0,150,276,0,0,0,0,0,0
145,0,0,160,240,1,0,150,276,0,0,0,0,0,1
145,0,0,160,227,1,0,150,279,0,0,0,1,0,1
145,0,0,160,227,1,0,130,279,0,0,0,0,0,0
145,0,0,160,227,1,0,130,279,0,0,0,1,0,0
145,0,0,160,227,1,0,130,279,0,0,0,1,1,0
145,0,0,160,227,1,0,130,279,0,0,0,0,0,0
145,0,0,160,227,1,0,130,279,0,0,0,0,1,0
145,0,0,160,227,1,0,130,279,0,0,0,0,0,0
145,0,0,160,227,1,0,130,279,0,0,0,0,0,0
145,0,0,160,227,1,0,130,279,0,0,0,0,0,1
145,0,0,160,227,1,0,130,279,0,0,0,1,0,1
145,0,0,160,227,1,0,130,279,0,0,0,0,0,0
145,0,0,160,227,1,0,130,279,0,0,0,1,0,0
145,0,0,160,228,1,0,130,280,0,0,0,1,1,0
145,0,0,160,228,1,0,130,281,0,0,0,0,0,0
145,0,0,160,228,1,0,130,283,0,0,0,0,1,0
145,0,0,160,228,1,0,130,284,0,0,0,0,0,0
145,0,0,160,228,1,0,130,286,0,0,0,0,0,0
145,0,0,160,228,1,0,130,286,0,0,0,0,0,1
144,0,0,160,228,1,0,130,288,0,0,0,1,0,1
144,0,0,160,228,1,0,130,289,0,0,0,0,0,0
144,0,0,160,228,1,0,130,292,0,0,0,1,0,0
144,0,0,160,228,1,0,130,293,0,0,0,1,1,0
144,0,0,160,228,1,0,130,293,0,0,0,0,0,0
144,0,0,160,228,1,0,130,296,0,0,0,0,1,0
144,0,0,160,228,1,0,130,298,0,0,0,0,0,0
144,0,0,160,228,1,0,130,298,0,0,0,0,0,0
144,0,0,160,228,1,0,130,301,0,0,0,0,0,1
144,0,0,160,228,1,0,130,302,0,0,0,1,0,1
144,0,0,160,228,1,0,130,303,0,0,0,0,0,0
144,0,0,160,228,0,0,130,305,0,0,0,1,0,0
144,0,0,160,228,0,0,130,307,0,0,0,1,1,0
144,0,0,160,228,0,0,130,307,0,0,0,0,0,0
144,0,0,160,228,0,0,130,309,0,0,0,0,1,0
144,0,0,160,228,0,0,130,310,0,0,0,0,0,0
144,0,0,160,228,0,0,130,312,0,0,0,0,0,0
144,0,0,160,227,0,0,130,314,0,0,0,0,0,1
144,0,0,160,227,0,0,130,314,0,0,0,1,0,1
144,0,0,160,227,0,0,130,316,0,0,0,0,0,0
144,0,0,160,227,0,1,130,317,0,0,0,1,0,0
144,0,0,160,227,0,1,130,318,0,0,0,1,1,0
144,0,0,160,227,0,1,130,320,0,0,0,0,0,0
144,0,0,160,227,0,0,130,322,0,0,0,0,1,0
144,0,0,160,227,0,0,130,323,0,0,0,0,0,0
144,0,0,160,227,0,0,130,325,0,0,0,0,0,0
144,0,0,160,227,0,0,130,325,0,0,0,0,0,1
144,0,0,160,227,0,0,130,328,0,0,0,1,0,1
144,0,0,160,227,0,0,130,330,0,0,0,0,0,0
144,0,0,160,227,0,0,130,331,0,0,0,1,0,0
144,0,0,160,227,0,0,130,331,0,0,0,1,1,0
137,0,0,160,229,1,0,130,331,0,0,0,0,0,0
137,0,0,160,231,1,0,130,331,1,0,0,0,1,0
137,0,0,160,231,1,0,130,331,1,0,0,0,0,0
137,0,0,160,236,1,0,130,336,1,0,0,0,0,0
137,0,0,160,237,1,0,130,337,1,0,0,0,0,1
137,0,0,160,237,1,0,130,338,1,0,0,1,0,1
137,0,0,160,237,1,0,130,340,1,0,0,0,0,0
137,0,0,160,237,1,0,130,343,1,0,0,1,0,0
137,0,0,160,237,1,0,130,343,1,0,0,1,1,0
137,0,0,160,237,1,0,130,346,1,0,0,0,0,0
137,0,0,160,237,1,0,130,347,1,0,0,0,1,0
137,0,0,160,237,1,0,130,350,1,0,0,0,0,0
137,0,0,160,237,1,0,130,352,1,0,0,0,0,0
137,0,0,160,237,1,0,130,353,1,0,0,0,0,1
137,0,0,160,237,1,0,130,354,1,0,0,1,0,1
137,0,0,160,237,1,0,130,356,1,0,0,0,0,0
137,0,0,160,237,1,0,130,357,0,0,0,1,0,0
137,0,0,160,237,1,0,130,358,0,0,0,1,1,0
137,0,0,160,237,1,0,130,359,0,0,0,0,0,0
137,0,0,160,237,1,0,130,360,0,0,0,0,1,0
137,0,0,160,237,1,0,130,360,0,0,0,0,0,0
137,0,0,160,237,1,0,130,361,0,0,0,0,0,0
137,0,0,160,237,1,0,130,361,0,0,0,0,0,1
137,0,0,160,237,0,0,130,361,0,0,0,1,0,1
137,0,0,160,237,0,0,130,361,0,0,0,0,0,0
137,0,0,160,237,0,0,130,361,0,0,0,1,0,0
137,0,0,160,237,0,0,130,361,0,0,0,1,1,0
137,0,0,160,237,0,0,130,361,0,0,0,0,0,0
137,0,0,160,237,0,0,130,361,0,0,0,0,1,0
137,0,0,160,237,0,0,130,361,0,0,0,0,0,0
137,0,0,160,237,0,0,130,361,0,0,0,0,0,0
137,0,0,160,237,0,0,130,361,0,0,0,0,0,1
136,0,0,160,237,0,0,130,361,0,0,0,1,0,1
136,0,0,160,237,0,0,130,361,0,0,0,0,0,0
136,0,0,160,237,0,0,130,361,0,0,0,1,0,0
136,0,0,160,237,0,0,130,361,0,0,0,1,1,0
136,0,0,160,237,0,0,130,361,0,0,0,0,0,0
136,0,0,160,240,1,0,130,361,0,0,0,0,1,0
136,0,0,160,242,1,0,130,361,0,0,0,0,0,0
136,0,0,160,243,1,0,130,361,0,0,0,0,0,0
136,0,0,160,246,1,0,130,361,0,0,0,0,0,1
136,0,0,160,247,1,0,130,361,0,0,0,1,0,1
136,0,0,160,247,1,0,130,361,0,0,0,0,0,0
136,0,0,160,248,1,0,130,361,0,0,0,1,0,0
136,0,0,160,248,1,0,130,361,0,0,0,1,1,0
136,0,0,160,248,1,0,130,361,0,0,0,0,0,0
136,0,0,160,248,1,0,130,361,0,0,0,0,1,0
136,0,0,160,248,1,0,130,361,0,0,0,0,0,0
136,0,0,160,248,1,0,130,361,0,0,0,0,0,0
136,0,0,160,248,1,0,130,361,0,0,0,0,0,1
136,0,0,160,248,1,0,130,361,0,0,0,1,0,1
136,0,0,160,248,1,0,130,361,0,0,0,0,0,0
136,0,0,160,248,1,0,130,361,0,0,0,1,0,0
136,0,0,160,248,1,0,130,361,0,0,0,1,1,0
136,0,0,160,248,1,0,130,361,0,0,0,0,0,0
136,0,0,160,248,1,0,130,361,0,0,0,0,1,0
136,0,0,160,248,1,0,130,361,0,0,0,0,0,0
136,0,0,160,248,1,0,130,361,0,0,0,0,0,0
136,0,0,160,248,1,0,130,361,0,0,0,0,0,1
136,0,0,160,248,1,0,130,360,0,0,0,1,0,1
136,0,0,160,248,0,0,130,357,0,0,0,0,0,0
136,0,0,160,248,0,0,130,356,0,0,0,1,0,0
136,0,0,160,248,0,0,130,354,0,0,0,1,1,0
135,0,0,160,248,0,0,130,351,0,0,0,0,0,0
135,0,0,160,248,0,0,130,350,0,0,0,0,1,0
135,0,0,160,248,0,0,130,348,0,0,0,0,0,0
135,0,0,160,248,0,0,130,347,0,0,0,0,0,0
135,0,0,160,248,0,0,130,345,0,0,0,0,0,1
135,0,0,160,247,0,0,130,344,0,0,0,1,0,1
135,0,0,160,247,0,1,130,341,0,0,0,0,0,0
135,0,0,160,247,0,1,130,340,0,0,0,1,0,0
135,0,0,160,247,0,1,130,338,0,0,0,1,1,0
135,0,0,160,247,0,1,130,337,0,0,0,0,0,0
135,0,0,160,247,0,1,130,334,0,0,0,0,1,0
135,0,0,160,247,0,0,130,332,0,0,0,0,0,0
135,0,0,160,247,0,0,130,329,0,0,0,0,0,0
135,0,0,160,247,0,0,130,328,0,0,0,0,0,1
135,0,0,160,247,0,0,130,325,0,0,0,1,0,1
135,0,0,160,247,0,0,130,324,0,0,0,0,0,0
135,0,0,160,247,0,0,130,322,0,0,0,1,0,0
135,0,0,160,247,0,0,130,321,0,0,0,1,1,0
135,0,0,160,247,0,0,130,319,0,0,0,0,0,0
135,0,0,160,247,0,0,130,318,0,0,0,0,1,0
135,0,0,160,327,0,0,130,260,0,0,0,0,0,0
135,0,0,160,298,0,0,130,304,0,0,0,0,0,0
135,0,0,160,298,0,0,130,304,0,0,0,0,0,1
135,0,0,160,301,0,0,130,303,0,0,0,1,0,1
135,0,0,160,305,0,0,130,302,0,0,0,0,0,0
135,0,0,133,287,0,0,130,276,0,0,0,1,0,0
135,0,0,133,247,0,0,130,315,0,0,0,1,1,0
135,0,0,133,308,0,0,130,289,0,0,0,0,0,0
135,0,0,133,247,0,0,130,315,0,0,0,0,1,0
135,0,0,133,247,0,0,130,315,0,0,0,0,0,0
135,0,0,133,247,0,0,130,315,0,0,0,0,0,0
135,0,0,133,319,0,0,130,289,0,0,0,0,0,1
134,0,0,133,322,0,0,130,289,0,0,0,1,0,1
134,0,0,133,247,0,0,130,315,0,0,0,0,0,0
134,0,0,133,326,0,0,130,302,0,0,0,1,0,0
134,0,0,133,329,0,0,130,302,0,0,0,1,1,0
134,0,0,133,247,0,0,130,315,0,0,0,0,0,0
134,0,0,133,246,0,0,130,315,0,0,0,0,1,0
134,0,0,133,244,0,0,130,314,0,0,0,0,0,0
134,0,0,133,336,0,0,130,301,0,0,0,0,0,0
134,0,0,133,241,0,0,130,313,0,0,0,0,0,1
134,0,0,133,240,0,0,130,313,0,0,0,1,0,1
134,0,0,133,240,0,0,130,313,0,0,0,0,0,0
134,0,0,133,237,0,0,130,312,0,0,0,1,0,0
134,0,0,133,346,0,0,130,299,0,0,0,1,1,0
134,0,0,133,350,0,0,130,298,0,0,0,0,0,0
134,0,0,133,232,0,0,130,311,0,0,0,0,1,0
134,0,0,133,353,0,0,130,285,0,0,0,0,0,0
134,0,0,133,357,0,0,130,297,0,0,0,0,0,0
134,0,0,133,228,0,0,130,310,0,0,0,0,0,1
134,0,0,133,360,0,0,130,296,0,0,0,1,0,1
134,0,0,133,364,0,0,130,296,0,0,0,0,0,0
134,0,0,133,224,0,0,130,308,0,0,0,1,0,0
134,0,0,133,224,0,0,130,308,0,0,0,1,1,0
134,0,0,133,221,0,0,130,308,0,0,0,0,0,0
134,0,0,133,371,0,0,130,294,0,0,0,0,1,0
134,0,0,133,219,0,0,130,307,0,0,0,0,0,0
134,0,0,133,215,0,0,130,306,0,0,0,0,0,0
134,0,0,133,378,0,0,130,280,0,0,0,0,0,1
134,0,0,133,213,0,0,130,305,0,0,0,1,0,1
134,0,0,133,212,0,0,130,305,0,0,0,0,0,0
134,0,0,133,385,0,0,130,292,0,0,0,1,0,0
134,0,0,133,210,0,0,130,304,0,0,0,1,1,0
133,0,0,133,207,0,0,130,304,0,0,0,0,0,0
133,0,0,133,207,0,0,130,304,0,0,0,0,1,0
133,0,0,133,204,0,0,130,303,0,0,0,0,0,0
133,0,0,133,395,0,0,130,290,0,0,0,0,0,0
133,0,0,133,203,0,0,130,302,0,0,0,0,0,1
133,0,0,133,200,0,0,130,300,0,0,0,1,0,1
133,0,0,133,198,0,0,130,297,0,0,0,0,0,0
133,0,0,133,197,0,0,130,295,0,0,0,1,0,0
133,0,0,133,196,0,0,130,294,0,0,0,1,1,0
133,0,0,133,409,0,0,130,289,0,0,0,0,0,0
133,0,0,133,195,0,0,130,289,0,0,0,0,1,0
133,0,0,133,195,0,0,130,288,0,0,0,0,0,0
133,0,0,133,195,0,0,130,288,0,0,0,0,0,0
133,0,0,133,193,1,0,130,285,0,0,0,0,0,1
133,0,0,133,190,1,0,130,282,0,0,0,1,0,1
133,0,0,133,189,1,0,130,281,0,0,0,0,0,0
133,0,0,133,187,1,0,130,279,0,0,0,1,0,0
133,0,0,133,184,1,0,130,276,0,0,0,1,1,0
133,0,0,133,183,1,0,130,275,0,0,0,0,0,0
133,0,0,133,183,1,0,130,275,0,0,0,0,1,0
133,0,0,133,180,1,0,130,272,0,0,0,0,0,0
133,0,0,133,177,1,0,130,269,0,0,0,0,0,0
133,0,0,133,176,1,0,130,268,0,0,0,0,0,1
133,0,0,133,174,1,0,130,266,0,0,0,1,0,1
133,0,0,133,171,1,0,130,263,0,0,0,0,0,0
133,0,0,133,171,1,0,130,263,0,0,0,1,0,0
133,0,0,133,168,0,0,130,260,0,0,0,1,1,0
133,0,0,133,168,0,0,130,259,0,0,0,0,0,0
133,0,0,133,167,0,0,130,256,0,0,0,0,1,0
133,0,0,133,167,0,0,130,256,0,0,0,0,0,0
133,0,0,133,166,0,0,130,253,0,0,0,0,0,0
132,0,0,133,165,0,0,130,250,0,0,0,0,0,1
132,0,0,133,165,0,0,130,249,0,0,0,1,0,1
132,0,0,133,165,0,0,130,249,0,0,0,0,0,0
132,0,0,133,165,0,0,130,246,0,0,0,1,0,0
132,0,0,133,165,0,0,130,244,0,0,0,1,1,0
132,0,0,133,164,0,0,130,242,0,0,0,0,0,0
132,0,0,133,164,0,0,130,240,0,0,0,0,1,0
132,0,0,133,164,0,0,130,237,0,0,0,0,0,0
132,0,0,133,164,0,0,130,236,0,0,0,0,0,0
132,0,0,133,164,0,0,130,234,0,0,0,0,0,1
132,0,0,133,164,0,0,130,233,0,0,0,1,0,1
132,0,0,133,164,0,0,130,231,0,0,0,0,0,0
132,0,0,133,164,0,0,130,230,0,0,0,1,0,0
132,0,0,133,164,0,0,130,227,0,0,0,1,1,0
132,0,0,133,164,0,0,130,226,0,0,0,0,0,0
132,0,0,133,164,0,0,130,224,0,0,0,0,1,0
132,0,0,133,164,0,0,130,221,0,0,0,0,0,0
132,0,0,133,164,0,0,130,221,0,0,0,0,0,0
132,0,0,133,164,0,0,130,221,0,0,0,0,0,1
132,0,0,133,164,0,0,130,221,0,0,0,1,0,1
132,0,0,133,164,0,0,130,221,0,0,0,0,0,0
132,0,0,133,164,0,0,130,221,0,0,0,1,0,0
132,0,0,133,164,0,0,130,221,0,0,0,1,1,0
132,0,0,133,164,0,0,130,221,0,0,0,0,0,0
132,0,0,133,164,0,0,130,221,0,0,0,0,1,0
132,0,0,133,164,0,0,130,221,0,0,0,0,0,0
132,0,0,133,164,0,0,130,221,0,0,0,0,0,0
132,0,0,133,164,0,0,130,221,0,0,0,0,0,1
132,0,0,133,164,0,0,130,221,0,0,0,1,0,1
132,0,0,133,164,0,0,130,221,0,0,0,0,0,0
132,0,0,133,164,0,0,130,221,0,0,0,1,0,0
132,0,0,133,164,0,0,130,221,0,0,0,1,1,0
131,0,0,133,164,0,0,130,221,0,0,0,0,0,0
131,0,0,133,164,0,0,130,221,0,0,0,0,1,0
131,0,0,133,164,0,0,130,221,0,0,0,0,0,0
131,0,0,133,164,0,0,130,221,0,0,0,0,0,0
131,0,0,133,164,0,0,130,221,0,0,0,0,0,1
131,0,0,133,164,0,0,130,221,0,0,0,1,0,1
131,0,0,133,164,0,0,130,221,0,0,0,0,0,0
131,0,0,133,164,0,1,130,221,0,0,0,1,0,0
131,0,0,133,164,0,1,130,221,0,0,0,1,1,0
131,0,0,133,164,0,1,130,221,0,0,0,0,0,0
131,0,0,133,164,0,1,130,221,0,0,0,0,1,0
131,0,0,133,164,0,0,130,221,0,0,0,0,0,0
131,0,0,133,164,0,0,130,221,0,0,0,0,0,0
131,0,0,133,164,0,0,130,221,0,0,0,0,0,1
131,0,0,133,182,0,0,93,218,0,0,0,1,0,1
131,0,0,133,164,0,0,93,221,0,0,0,0,0,0
131,0,0,133,164,0,0,93,221,0,0,0,1,0,0
131,0,0,133,164,0,0,93,221,0,0,0,1,1,0
131,0,0,133,164,0,0,93,221,0,0,0,0,0,0
131,0,0,133,164,0,0,93,221,0,0,0,0,1,0
131,0,0,133,164,0,0,93,221,0,0,0,0,0,0
131,0,0,133,164,0,0,93,221,0,0,0,0,0,0
131,0,0,133,164,0,0,93,221,0,0,0,0,0,1
131,0,0,133,164,0,0,93,221,0,0,0,1,0,1
131,0,0,133,164,0,0,93,221,0,0,0,0,0,0
131,0,0,133,164,0,0,93,221,0,0,0,1,0,0
131,0,0,133,164,0,0,93,221,0,0,0,1,1,0
131,0,0,133,164,0,0,93,224,0,0,0,0,0,0
131,0,0,133,164,1,0,93,224,0,0,0,0,1,0
131,0,0,133,164,1,0,93,225,0,0,0,0,0,0
131,0,0,133,169,1,0,93,227,0,0,0,0,0,0
130,0,0,133,172,1,0,93,229,0,0,0,0,0,1
130,0,0,133,173,1,0,93,231,0,0,0,1,0,1
130,0,0,133,173,1,0,93,231,0,0,0,0,0,0
130,0,0,133,175,1,0,93,234,0,0,0,1,0,0
130,0,0,133,175,1,0,93,235,0,0,0,1,1,0
130,0,0,133,175,1,0,93,236,0,0,0,0,0,0
130,0,0,133,175,1,0,93,237,0,0,0,0,1,0
130,0,0,133,175,1,0,93,240,0,0,0,0,0,0
130,0,0,133,175,1,0,93,240,0,0,0,0,0,0
130,0,0,133,175,1,0,93,242,0,0,0,0,0,1
130,0,0,133,175,1,0,93,243,0,0,0,1,0,1
130,0,0,133,175,1,0,93,246,0,0,0,0,0,0
130,0,0,133,175,1,0,93,247,0,0,0,1,0,0
130,0,0,133,175,1,0,93,247,0,0,0,1,1,0
130,0,0,133,175,1,0,93,249,0,0,0,0,0,0
130,0,0,133,175,1,0,93,251,0,0,0,0,1,0
130,0,0,133,175,1,0,93,253,0,0,0,0,0,0
130,0,0,133,175,1,0,93,254,0,0,0,0,0,0
130,0,0,133,175,1,0,93,256,0,0,0,0,0,1
130,0,0,133,175,1,0,93,257,0,0,0,1,0,1
130,0,0,133,175,0,0,93,258,0,0,0,0,0,0
130,0,0,133,175,0,0,93,260,0,0,0,1,0,0
130,0,0,133,175,0,0,93,261,0,0,0,1,1,0
130,0,0,133,175,0,0,93,263,0,0,0,0,0,0
130,0,0,133,175,0,0,93,264,0,0,0,0,1,0
130,0,0,133,175,0,0,93,265,0,0,0,0,0,0
130,0,0,133,175,0,0,93,268,0,0,0,0,0,0
130,0,0,133,175,0,0,93,268,0,0,0,0,0,1
130,0,0,133,174,0,0,93,269,0,0,0,1,0,1
130,0,0,133,174,0,1,93,271,0,0,0,0,0,0
130,0,0,133,174,0,1,93,272,0,0,0,1,0,0
130,0,0,133,174,0,1,93,273,0,0,0,1,1,0
129,0,0,133,174,0,1,93,273,0,0,0,0,0,0
129,0,0,133,174,0,1,93,273,1,0,0,0,1,0
129,0,0,133,174,0,0,93,273,1,0,0,0,0,0
129,0,0,133,174,0,0,93,276,1,0,0,0,0,0
129,0,0,133,174,0,0,93,278,1,0,0,0,0,1
129,0,0,133,174,0,0,93,279,1,0,0,1,0,1
129,0,0,133,174,0,0,93,282,1,0,0,0,0,0
129,0,0,133,174,0,0,93,284,1,0,0,1,0,0
129,0,0,133,174,0,0,93,285,1,0,0,1,1,0
129,0,0,133,176,1,0,93,288,1,0,0,0,0,0
129,0,0,133,178,1,0,93,289,1,0,0,0,1,0
129,0,0,133,181,1,0,93,292,1,0,0,0,0,0
129,0,0,133,182,1,0,93,294,1,0,0,0,0,0
129,0,0,133,183,1,0,93,295,1,0,0,0,0,1
129,0,0,133,184,1,0,93,297,1,0,0,1,0,1
129,0,0,133,184,1,0,93,298,1,0,0,0,0,0
129,0,0,133,184,1,0,93,300,0,0,0,1,0,0
129,0,0,133,184,1,0,93,301,0,0,0,1,1,0
129,0,0,133,184,1,0,93,301,0,0,0,0,0,0
129,0,0,133,184,1,0,93,301,0,0,0,0,1,0
129,0,0,133,184,1,0,93,302,0,0,0,0,0,0
129,0,0,133,184,1,0,93,302,0,0,0,0,0,0
129,0,0,133,184,1,0,93,303,0,0,0,0,0,1
129,0,0,133,184,1,0,93,303,0,0,0,1,0,1
129,0,0,133,184,1,0,93,303,0,0,0,0,0,0
129,0,0,133,184,1,0,93,303,0,0,0,1,0,0
129,0,0,133,184,1,0,93,304,0,0,0,1,1,0
129,0,0,133,184,1,0,93,304,0,0,0,0,0,0
129,0,0,133,184,1,0,93,304,0,0,0,0,1,0
129,0,0,133,184,1,0,93,304,0,0,0,0,0,0
129,0,0,133,184,1,0,93,304,0,0,0,0,0,0
128,0,0,133,184,0,0,93,304,0,0,0,0,0,1
128,0,0,133,184,0,0,93,304,0,0,0,1,0,1
128,0,0,133,184,0,0,93,304,0,0,0,0,0,0
128,0,0,133,184,0,0,93,304,0,0,0,1,0,0
128,0,0,133,184,0,0,93,304,0,0,0,1,1,0
128,0,0,133,184,0,0,93,304,0,0,0,0,0,0
128,0,0,133,184,0,0,93,304,0,0,0,0,1,0
128,0,0,133,184,0,0,93,304,0,0,0,0,0,0
128,0,0,133,184,0,0,93,304,0,0,0,0,0,0
128,0,0,133,184,0,0,93,304,0,0,0,0,0,1
128,0,0,133,184,0,0,93,304,0,0,0,1,0,1
128,0,0,133,184,0,0,93,304,0,0,0,0,0,0
128,0,0,133,184,0,0,93,304,0,0,0,1,0,0
128,0,0,133,184,0,0,93,304,0,0,0,1,1,0
128,0,0,133,184,0,0,93,304,0,0,0,0,0,0
128,0,0,133,184,0,0,93,304,0,0,0,0,1,0
128,0,0,133,184,0,0,93,304,0,0,0,0,0,0
128,0,0,133,184,0,0,93,304,0,0,0,0,0,0
128,0,0,133,184,0,0,93,304,0,0,0,0,0,1
128,0,0,133,184,0,0,93,304,0,0,0,1,0,1
128,0,0,133,184,0,0,93,304,0,0,0,0,0,0
128,0,0,133,184,0,0,93,304,0,0,0,1,0,0
128,0,0,133,184,0,0,93,304,0,0,0,1,1,0
128,0,0,133,184,0,0,93,304,0,0,0,0,0,0
128,0,0,133,184,0,0,93,304,0,0,0,0,1,0
128,0,0,133,184,0,0,93,304,0,0,0,0,0,0
128,0,0,133,184,0,0,93,304,0,0,0,0,0,0
128,0,0,133,184,0,0,93,304,0,0,0,0,0,1
128,0,0,133,205,0,0,93,299,0,0,0,1,0,1
128,0,0,133,184,0,0,93,299,0,0,0,0,0,0
128,0,0,133,184,0,0,93,298,0,0,0,1,0,0
128,0,0,133,184,0,0,93,298,0,0,0,1,1,0
121,0,0,133,184,0,0,93,293,0,0,0,0,0,0
121,0,0,133,184,0,0,93,292,0,0,0,0,1,0
121,0,0,133,184,0,0,93,290,0,0,0,0,0,0
121,0,0,133,184,0,0,93,289,0,0,0,0,0,0
121,0,0,133,184,0,0,93,286,0,0,0,0,0,1
121,0,0,133,184,0,0,93,285,0,0,0,1,0,1
121,0,0,133,184,0,0,93,283,0,0,0,0,0,0
121,0,0,133,184,0,0,93,282,0,0,0,1,0,0
121,0,0,133,184,0,0,93,280,0,0,0,1,1,0
121,0,0,133,184,0,0,93,280,0,0,0,0,0,0
121,0,0,133,184,0,0,93,280,0,0,0,0,1,0
121,0,0,133,184,0,0,93,280,0,0,0,0,0,0
121,0,0,133,184,0,0,93,280,0,0,0,0,0,0
121,0,0,133,205,0,0,93,267,1,0,0,0,0,1
121,0,0,133,184,0,0,93,276,1,0,0,1,0,1
121,0,0,133,184,0,0,93,274,1,0,0,0,0,0
121,0,0,133,184,0,0,93,274,1,0,0,1,0,0
121,0,0,133,184,0,0,93,271,1,0,0,1,1,0
121,0,0,133,184,0,0,93,269,1,0,0,0,0,0
121,0,0,133,184,0,0,93,269,1,0,0,0,1,0
121,0,0,133,184,0,0,93,267,1,0,0,0,0,0
121,0,0,133,184,0,0,93,266,1,0,0,0,0,0
121,0,0,133,184,0,0,93,262,1,0,0,0,0,1
121,0,0,133,184,0,0,93,260,1,0,0,1,0,1
121,0,0,133,202,0,0,93,247,1,0,0,0,0,0
121,0,0,133,184,0,0,93,256,1,0,0,1,0,0
121,0,0,133,184,0,0,93,255,1,0,0,1,1,0
121,0,0,133,199,0,0,93,242,1,0,0,0,0,0
121,0,0,133,187,1,0,93,252,1,0,0,0,1,0
121,0,0,133,187,1,0,74,251,0,0,0,0,0,0
121,0,0,133,187,1,0,74,251,0,0,0,0,0,0
120,0,0,133,187,1,0,74,251,0,0,0,0,0,1
120,0,0,133,187,1,0,74,251,0,0,0,1,0,1
120,0,0,133,187,1,0,74,251,0,0,0,0,0,0
120,0,0,133,187,1,0,74,251,0,0,0,1,0,0
120,0,0,133,187,1,0,74,251,0,0,0,1,1,0
120,0,0,133,187,1,0,74,251,0,0,0,0,0,0
120,0,0,133,187,1,0,74,251,0,0,0,0,1,0
120,0,0,133,187,1,0,74,251,0,0,0,0,0,0
120,0,0,133,187,1,0,74,251,0,0,0,0,0,0
120,0,0,133,190,1,0,74,251,0,0,0,0,0,1
120,0,0,133,190,1,0,74,251,0,0,0,1,0,1
120,0,0,133,193,1,0,74,253,0,0,0,0,0,0
120,0,0,133,194,1,0,74,255,0,0,0,1,0,0
120,0,0,133,194,1,0,74,256,0,0,0,1,1,0
120,0,0,133,195,1,0,74,258,0,0,0,0,0,0
120,0,0,133,195,1,0,74,259,0,0,0,0,1,0
120,0,0,133,195,1,0,74,260,0,0,0,0,0,0
120,0,0,133,195,1,0,74,263,0,0,0,0,0,0
120,0,0,133,195,1,0,74,263,0,0,0,0,0,1
120,0,0,133,195,1,0,74,265,0,0,0,1,0,1
120,0,0,133,195,1,0,74,267,0,0,0,0,0,0
120,0,0,133,195,1,0,74,268,0,0,0,1,0,0
120,0,0,133,195,1,0,74,268,0,0,0,1,1,0
120,0,0,133,195,1,0,74,270,0,0,0,0,0,0
120,0,0,133,195,1,0,74,273,0,0,0,0,1,0
120,0,0,133,195,1,0,74,274,0,0,0,0,0,0
120,0,0,133,195,1,0,74,275,0,0,0,0,0,0
120,0,0,133,195,1,0,74,278,0,0,0,0,0,1
120,0,0,133,195,1,0,74,279,0,0,0,1,0,1
120,0,0,133,195,1,0,74,279,0,0,0,0,0,0
120,0,0,133,195,0,0,74,281,0,0,0,1,0,0
119,0,0,133,195,0,0,74,284,0,0,0,1,1,0
119,0,0,133,195,0,0,74,284,0,0,0,0,0,0
119,0,0,133,195,0,0,74,286,0,0,0,0,1,0
119,0,0,133,195,0,0,74,287,0,0,0,0,0,0
119,0,0,133,195,0,0,74,288,0,0,0,0,0,0
119,0,0,133,194,0,0,74,291,0,0,0,0,0,1
119,0,0,133,194,0,0,74,291,0,0,0,1,0,1
119,0,0,133,194,0,1,74,293,0,0,0,0,0,0
119,0,0,133,194,0,1,74,294,0,0,0,1,0,0
119,0,0,133,194,0,1,74,295,0,0,0,1,1,0
119,0,0,133,194,0,1,74,296,0,0,0,0,0,0
119,0,0,133,194,0,1,74,299,0,0,0,0,1,0
119,0,0,133,194,0,0,74,300,0,0,0,0,0,0
119,0,0,133,194,0,0,74,302,0,0,0,0,0,0
119,0,0,133,194,0,0,74,303,0,0,0,0,0,1
119,0,0,133,194,0,0,74,304,0,0,0,1,0,1
119,0,0,133,194,0,0,74,307,0,0,0,0,0,0
119,0,0,133,194,0,0,74,307,0,0,0,1,0,0
119,0,0,133,194,1,0,74,309,0,0,0,1,1,0
119,0,0,133,196,1,0,74,311,0,0,0,0,0,0
119,0,0,133,198,1,0,74,313,0,0,0,0,1,0
119,0,0,133,198,1,0,74,313,0,0,0,0,0,0
119,0,0,133,202,1,0,74,313,0,0,0,0,0,0
119,0,0,133,203,1,0,74,313,1,0,0,0,0,1
119,0,0,133,203,1,0,74,313,1,0,0,1,0,1
119,0,0,133,204,1,0,74,315,1,0,0,0,0,0
119,0,0,133,204,1,0,74,318,1,0,0,1,0,0
119,0,0,133,204,1,0,74,320,1,0,0,1,1,0
119,0,0,133,204,1,0,74,321,1,0,0,0,0,0
119,0,0,133,204,1,0,74,323,1,0,0,0,1,0
119,0,0,133,204,1,0,74,324,1,0,0,0,0,0
119,0,0,133,204,1,0,74,327,1,0,0,0,0,0
118,0,0,133,204,1,0,74,328,1,0,0,0,0,1
118,0,0,133,204,1,0,74,331,1,0,0,1,0,1
118,0,0,133,204,1,0,74,331,1,0,0,0,0,0
118,0,0,133,204,1,0,74,334,1,0,0,1,0,0
118,0,0,133,204,1,0,74,336,1,0,0,1,1,0
118,0,0,133,204,1,0,74,337,1,0,0,0,0,0
118,0,0,133,204,1,0,74,339,0,0,0,0,1,0
118,0,0,133,204,1,0,74,340,0,0,0,0,0,0
118,0,0,133,204,1,0,74,341,0,0,0,0,0,0
118,0,0,133,204,0,0,74,341,0,0,0,0,0,1
118,0,0,133,204,0,0,74,341,0,0,0,1,0,1
118,0,0,133,204,0,0,74,342,0,0,0,0,0,0
118,0,0,133,204,0,0,74,342,0,0,0,1,0,0
118,0,0,133,204,0,0,74,342,0,0,0,1,1,0
118,0,0,133,204,0,0,74,342,0,0,0,0,0,0
118,0,0,133,204,0,0,74,342,0,0,0,0,1,0
118,0,0,133,204,0,0,74,343,0,0,0,0,0,0
118,0,0,133,204,0,0,74,343,0,0,0,0,0,0
118,0,0,133,204,0,0,74,343,0,0,0,0,0,1
118,0,0,133,204,0,0,74,343,0,0,0,1,0,1
118,0,0,133,204,0,0,74,343,0,0,0,0,0,0
118,0,0,133,204,0,0,74,343,0,0,0,1,0,0
118,0,0,133,204,0,0,74,343,0,0,0,1,1,0
118,0,0,133,204,0,0,74,343,0,0,0,0,0,0
118,0,0,133,204,0,0,74,343,0,0,0,0,1,0
118,0,0,133,204,0,0,74,343,0,0,0,0,0,0
118,0,0,133,204,0,0,74,343,0,0,0,0,0,0
118,0,0,133,204,0,0,74,343,0,0,0,0,0,1
118,0,0,133,204,0,0,74,343,0,0,0,1,0,1
118,0,0,133,204,0,0,74,343,0,0,0,0,0,0
118,0,0,133,204,0,0,74,343,0,0,0,1,0,0
117,0,0,133,204,0,0,74,343,0,0,0,1,1,0
117,0,0,133,204,0,0,74,343,0,0,0,0,0,0
117,0,0,133,204,0,0,74,343,0,0,0,0,1,0
117,0,0,133,204,0,0,74,343,0,0,0,0,0,0
117,0,0,133,204,0,0,74,343,0,0,0,0,0,0
117,0,0,133,204,0,0,74,343,0,0,0,0,0,1
117,0,0,133,204,0,0,74,343,0,0,0,1,0,1
117,0,0,133,204,0,0,74,343,0,0,0,0,0,0
117,0,0,133,204,0,0,74,343,0,0,0,1,0,0
117,0,0,133,204,0,0,74,343,0,0,0,1,1,0
117,0,0,133,204,0,0,74,343,0,0,0,0,0,0
117,0,0,133,204,0,0,74,343,0,0,0,0,1,0
117,0,0,133,204,0,0,74,343,0,0,0,0,0,0
117,0,0,133,204,0,0,74,343,0,0,0,0,0,0
117,0,0,133,204,0,0,74,343,0,0,0,0,0,1
117,0,0,133,204,0,0,74,343,0,0,0,1,0,1
117,0,0,133,204,0,0,74,343,0,0,0,0,0,0
117,0,0,133,204,0,0,74,343,0,0,0,1,0,0
117,0,0,133,222,0,0,74,338,0,0,0,1,1,0
117,0,0,133,219,1,0,74,337,0,0,0,0,0,0
117,0,0,133,206,1,0,74,337,0,0,0,0,1,0
117,0,0,133,210,1,0,74,334,0,0,0,0,0,0
117,0,0,133,212,1,0,74,332,0,0,0,0,0,0
117,0,0,133,213,1,0,74,331,0,0,0,0,0,1
117,0,0,133,214,1,0,74,330,0,0,0,1,0,1
117,0,0,133,229,1,0,74,325,0,0,0,0,0,0
117,0,0,133,214,1,0,74,325,0,0,0,1,0,0
117,0,0,133,214,1,0,74,324,0,0,0,1,1,0
117,0,0,133,214,1,0,74,322,0,0,0,0,0,0
117,0,0,133,229,1,0,74,318,0,0,0,0,1,0
117,0,0,133,214,1,0,74,319,0,0,0,0,0,0
117,0,0,133,214,1,0,74,317,0,0,0,0,0,0
116,0,0,133,214,1,0,74,314,0,0,0,0,0,1
116,0,0,133,214,1,0,74,314,0,0,0,1,0,1
116,0,0,133,214,1,0,74,312,0,0,0,0,0,0
116,0,0,133,214,1,0,74,311,0,0,0,1,0,0
116,0,0,133,214,1,0,74,306,0,0,0,1,1,0
116,0,0,133,214,1,0,74,305,0,0,0,0,0,0
116,0,0,133,214,1,0,74,304,0,0,0,0,1,0
116,0,0,133,214,1,0,74,302,0,0,0,0,0,0
116,0,0,133,214,1,0,74,299,0,0,0,0,0,0
116,0,0,133,214,1,0,74,299,0,0,0,0,0,1
116,0,0,133,214,0,0,74,298,0,0,0,1,0,1
116,0,0,133,214,0,0,74,293,0,0,0,0,0,0
116,0,0,133,214,0,0,74,293,0,0,0,1,0,0
116,0,0,133,214,0,0,74,290,0,0,0,1,1,0
116,0,0,133,214,0,0,74,289,0,0,0,0,0,0
116,0,0,133,214,0,0,74,288,0,0,0,0,1,0
116,0,0,133,214,0,0,74,286,0,0,0,0,0,0
116,0,0,133,214,0,0,74,285,0,0,0,0,0,0
116,0,0,133,213,0,0,74,282,0,0,0,0,0,1
116,0,0,133,212,0,0,74,280,0,0,0,1,0,1
116,0,0,133,212,0,0,74,279,0,0,0,0,0,0
116,0,0,133,212,0,1,74,276,0,0,0,1,0,0
116,0,0,133,212,0,1,74,275,0,0,0,1,1,0
116,0,0,133,212,0,1,74,273,0,0,0,0,0,0
116,0,0,133,212,0,0,74,272,0,0,0,0,1,0
116,0,0,133,212,0,0,74,270,0,0,0,0,0,0
116,0,0,133,212,0,0,74,267,0,0,0,0,0,0
116,0,0,133,212,0,0,74,264,0,0,0,0,0,1
116,0,0,133,212,0,0,74,263,0,0,0,1,0,1
116,0,0,133,212,0,0,74,263,0,0,0,0,0,0
116,0,0,133,212,0,0,74,265,0,0,0,1,0,0
115,0,0,133,212,0,0,74,266,0,0,0,1,1,0
115,0,0,133,212,0,0,74,266,0,0,0,0,0,0
115,0,0,133,212,0,0,74,267,0,1,0,0,1,0
115,0,0,133,250,0,0,69,257,0,1,0,0,0,0
115,0,0,133,212,0,0,69,267,0,1,0,0,0,0
115,0,0,133,212,0,0,69,267,0,1,0,0,0,1
115,0,0,133,212,0,0,69,267,0,1,0,1,0,1
115,0,0,133,212,0,0,69,267,0,1,0,0,0,0
115,0,0,133,212,0,0,69,267,0,1,0,1,0,0
115,0,0,133,212,0,0,69,267,0,1,0,1,1,0
115,0,0,133,212,0,0,69,267,0,1,0,0,0,0
115,0,0,133,212,0,0,69,267,0,1,0,0,1,0
115,0,0,133,212,0,0,69,267,0,1,0,0,0,0
115,0,0,133,212,0,0,69,267,0,1,0,0,0,0
115,0,0,133,212,0,0,69,267,0,1,0,0,0,1
115,0,0,133,212,0,0,69,267,0,1,0,1,0,1
115,0,0,133,212,0,0,69,272,0,1,0,0,0,0
115,0,0,133,212,0,0,69,277,0,1,0,1,0,0
115,0,0,133,212,0,0,69,286,0,1,0,1,1,0
115,0,0,133,212,0,0,69,290,0,1,0,0,0,0
115,0,0,133,212,0,0,69,294,0,1,0,0,1,0
115,0,0,133,212,0,0,69,300,0,1,0,0,0,0
115,0,0,133,212,0,0,69,300,0,1,0,0,0,0
115,0,0,133,212,0,0,69,305,0,1,0,0,0,1
115,0,0,133,212,0,0,69,308,0,1,0,1,0,1
115,0,0,133,212,0,0,69,308,0,1,0,0,0,0
115,0,0,133,212,0,0,69,309,0,1,0,1,0,0
115,0,0,133,212,0,0,69,309,0,1,0,1,1,0
115,0,0,133,212,0,0,69,310,0,1,0,0,0,0
115,0,0,133,212,0,0,69,311,0,1,0,0,1,0
115,0,0,133,212,0,0,69,311,0,1,0,0,0,0
115,0,0,133,212,0,0,69,312,0,1,0,0,0,0
114,0,0,133,212,0,0,69,312,0,1,0,0,0,1
114,0,0,133,211,0,0,69,312,0,1,0,1,0,1
114,0,0,133,211,0,0,69,312,0,1,0,0,0,0
114,0,0,133,211,0,1,69,312,0,1,0,1,0,0
114,0,0,133,211,0,1,69,312,0,1,0,1,1,0
114,0,0,133,211,0,1,69,312,0,1,0,0,0,0
114,0,0,133,211,0,1,69,312,0,1,0,0,1,0
114,0,0,133,211,0,0,69,312,0,1,0,0,0,0
114,0,0,133,211,0,0,69,312,0,1,0,0,0,0
114,0,0,133,211,0,0,69,312,0,1,0,0,0,1
114,0,0,133,229,0,0,69,305,0,1,0,1,0,1
114,0,0,133,229,0,0,69,308,0,0,0,0,0,0
114,0,0,133,229,0,0,69,306,0,0,0,1,0,0
114,0,0,133,226,0,0,69,306,0,0,0,1,1,0
114,0,0,133,228,1,0,69,302,0,0,0,0,0,0
114,0,0,133,230,1,0,69,302,0,0,0,0,1,0
114,0,0,133,232,1,0,69,306,0,0,0,0,0,0
114,0,0,133,234,1,0,69,296,1,0,0,0,0,0
114,0,0,133,221,1,0,69,305,1,0,0,0,0,1
114,0,0,133,221,1,0,69,303,1,0,0,1,0,1
114,0,0,133,221,1,0,69,302,1,0,0,0,0,0
114,0,0,133,221,1,0,69,300,1,0,0,1,0,0
114,0,0,133,236,1,0,69,286,1,0,0,1,1,0
114,0,0,133,236,1,0,69,285,1,0,0,0,0,0
114,0,0,133,221,1,0,69,296,1,0,0,0,1,0
114,0,0,133,221,1,0,69,292,1,0,0,0,0,0
114,0,0,133,221,1,0,69,291,1,0,0,0,0,0
114,0,0,133,221,1,0,69,289,1,0,0,0,0,1
114,0,0,133,221,1,0,69,288,1,0,0,1,0,1
114,0,0,133,221,1,0,69,287,1,0,0,0,0,0
114,0,0,133,221,1,0,69,284,1,0,0,1,0,0
113,0,0,133,221,1,0,69,284,1,0,0,1,1,0
113,0,0,133,221,1,0,69,281,1,0,0,0,0,0
113,0,0,133,221,1,0,69,279,1,0,0,0,1,0
113,0,0,133,221,1,0,69,278,1,0,0,0,0,0
113,0,0,133,221,1,0,69,278,1,0,0,0,0,0
113,0,0,133,221,0,0,69,274,1,0,0,0,0,1
113,0,0,133,221,0,0,69,274,1,0,0,1,0,1
113,0,0,133,221,0,0,69,273,1,0,0,0,0,0
113,0,0,133,221,0,0,69,270,1,0,0,1,0,0
113,0,0,133,221,0,0,69,268,1,0,0,1,1,0
113,0,0,133,221,0,0,69,268,1,0,0,0,0,0
113,0,0,133,221,0,0,69,267,1,0,0,0,1,0
113,0,0,133,221,0,0,69,266,1,0,0,0,0,0
113,0,0,133,221,0,0,69,263,1,0,0,0,0,0
113,0,0,133,221,0,0,69,261,1,0,0,0,0,1
113,0,0,133,221,0,0,69,260,1,0,0,1,0,1
113,0,0,133,221,0,0,32,259,1,0,0,0,0,0
113,0,0,133,221,0,0,32,259,0,0,0,1,0,0
113,0,0,133,221,0,0,32,259,0,0,0,1,1,0
113,0,0,133,221,0,0,32,259,0,0,0,0,0,0
113,0,0,133,221,0,0,32,259,0,0,0,0,1,0
113,0,0,133,221,0,0,32,259,0,0,0,0,0,0
113,0,0,133,221,0,0,32,259,0,0,0,0,0,0
113,0,0,133,221,0,0,32,259,0,0,0,0,0,1
113,0,0,133,221,0,0,32,259,0,0,0,1,0,1
113,0,0,133,221,0,0,32,259,0,0,0,0,0,0
113,0,0,133,221,0,0,32,259,0,0,0,1,0,0
113,0,0,133,221,0,0,32,259,0,0,0,1,1,0
113,0,0,133,221,0,0,32,260,0,0,0,0,0,0
113,0,0,133,221,0,0,32,260,0,0,0,0,1,0
113,0,0,133,221,1,0,32,261,0,0,0,0,0,0
112,0,0,133,224,1,0,32,264,0,0,0,0,0,0
112,0,0,133,228,1,0,32,266,0,0,0,0,0,1
112,0,0,133,229,1,0,32,267,0,0,0,1,0,1
112,0,0,133,230,1,0,32,268,0,0,0,0,0,0
112,0,0,133,231,1,0,32,270,0,0,0,1,0,0
112,0,0,133,232,1,0,32,272,0,0,0,1,1,0
112,0,0,133,232,1,0,32,273,0,0,0,0,0,0
112,0,0,133,232,1,0,32,275,0,0,0,0,1,0
112,0,0,133,232,1,0,32,277,0,0,0,0,0,0
112,0,0,133,232,1,0,32,278,0,0,0,0,0,0
112,0,0,133,232,1,0,32,278,0,0,0,0,0,1
112,0,0,133,232,1,0,32,280,0,0,0,1,0,1
112,0,0,133,232,1,0,32,282,0,0,0,0,0,0
112,0,0,133,232,1,0,32,283,0,0,0,1,0,0
112,0,0,133,232,1,0,32,285,0,0,0,1,1,0
112,0,0,133,232,1,0,32,286,0,0,0,0,0,0
112,0,0,133,232,1,0,32,287,0,0,0,0,1,0
112,0,0,133,232,1,0,32,289,0,0,0,0,0,0
112,0,0,133,232,1,0,32,292,0,0,0,0,0,0
112,0,0,133,232,1,0,32,293,0,0,0,0,0,1
112,0,0,133,232,1,0,32,294,0,0,0,1,0,1
112,0,0,133,232,1,0,32,295,0,0,0,0,0,0
112,0,0,133,232,0,0,32,296,0,0,0,1,0,0
112,0,0,133,232,0,0,32,297,0,0,0,1,1,0
112,0,0,133,232,0,0,32,299,0,0,0,0,0,0
112,0,0,133,232,0,0,32,301,0,0,0,0,1,0
112,0,0,133,232,0,0,32,303,0,0,0,0,0,0
112,0,0,133,232,0,0,32,303,0,0,0,0,0,0
112,0,0,133,232,0,0,32,304,0,0,0,0,0,1
112,0,0,133,230,0,0,32,307,0,0,0,1,0,1
112,0,0,133,230,0,0,32,308,0,0,0,0,0,0
112,0,0,133,230,0,1,32,310,0,0,0,1,0,0
105,0,0,133,230,0,1,32,310,0,0,0,1,1,0
105,0,0,133,230,0,1,32,312,0,0,0,0,0,0
105,0,0,133,230,0,0,32,312,0,0,0,0,1,0
105,0,0,133,230,0,0,32,312,0,0,0,0,0,0
105,0,0,133,230,0,0,32,312,1,0,1,0,0,0
105,0,0,133,230,0,0,32,314,1,0,0,0,0,1
105,0,0,133,230,0,0,32,315,1,0,0,1,0,1
105,0,0,133,230,0,0,32,318,1,0,0,0,0,0
105,0,0,133,230,0,0,32,321,1,0,0,1,0,0
105,0,0,133,230,1,0,32,321,1,0,0,1,1,0
105,0,0,133,232,1,0,32,324,1,0,0,0,0,0
105,0,0,133,232,1,0,32,324,1,0,0,0,1,0
105,0,0,133,237,1,0,32,328,1,0,0,0,0,0
105,0,0,133,238,1,0,32,330,1,0,0,0,0,0
105,0,0,133,239,1,0,32,331,1,0,0,0,0,1
105,0,0,133,240,1,0,32,333,1,0,0,1,0,1
105,0,0,133,240,1,0,32,334,1,0,0,0,0,0
105,0,0,133,240,1,0,32,336,1,0,0,1,0,0
105,0,0,133,240,1,0,32,339,0,0,0,1,1,0
105,0,0,133,240,1,0,32,339,0,0,0,0,0,0
105,0,0,133,240,1,0,32,340,0,0,0,0,1,0
105,0,0,133,240,1,0,32,340,0,0,0,0,0,0
105,0,0,133,240,1,0,32,341,0,0,0,0,0,0
105,0,0,133,240,1,0,32,342,0,0,0,0,0,1
105,0,0,133,240,1,0,32,342,0,0,0,1,0,1
105,0,0,133,240,1,0,32,342,0,0,0,0,0,0
105,0,0,133,240,1,0,32,342,0,0,0,1,0,0
105,0,0,133,240,1,0,32,342,0,0,0,1,1,0
105,0,0,133,240,1,0,32,343,0,0,0,0,0,0
105,0,0,133,240,1,0,32,343,0,0,0,0,1,0
105,0,0,133,240,1,0,32,343,0,0,0,0,0,0
104,0,0,133,240,1,0,32,343,0,0,0,0,0,0
104,0,0,133,240,0,0,32,343,0,0,0,0,0,1
104,0,0,133,240,0,0,32,343,0,0,0,1,0,1
104,0,0,133,240,0,0,32,343,0,0,0,0,0,0
104,0,0,133,240,0,0,32,343,0,0,0,1,0,0
104,0,0,133,240,0,0,32,343,0,0,0,1,1,0
104,0,0,133,240,0,0,32,343,0,0,0,0,0,0
104,0,0,133,240,0,0,32,343,0,0,0,0,1,0
104,0,0,133,240,0,0,32,343,0,0,0,0,0,0
104,0,0,133,240,0,0,32,343,0,0,0,0,0,0
104,0,0,133,240,0,0,32,343,0,0,0,0,0,1
104,0,0,133,240,0,0,32,343,0,0,0,1,0,1
104,0,0,133,240,0,0,32,343,0,0,0,0,0,0
104,0,0,133,240,0,0,32,343,0,0,0,1,0,0
104,0,0,133,240,0,0,32,343,0,0,0,1,1,0
104,0,0,133,240,1,0,32,343,0,0,0,0,0,0
104,0,0,133,242,1,0,32,343,0,0,0,0,1,0
104,0,0,133,244,1,0,32,343,0,0,0,0,0,0
104,0,0,133,248,1,0,32,343,0,0,0,0,0,0
104,0,0,133,248,1,0,32,343,0,0,0,0,0,1
104,0,0,133,250,1,0,32,343,0,0,0,1,0,1
104,0,0,133,251,1,0,32,343,0,0,0,0,0,0
104,0,0,133,251,1,0,32,343,0,0,0,1,0,0
104,0,0,133,251,1,0,32,343,0,0,0,1,1,0
104,0,0,133,251,1,0,32,343,0,0,0,0,0,0
104,0,0,133,251,1,0,32,343,0,0,0,0,1,0
104,0,0,133,251,1,0,32,343,0,0,0,0,0,0
104,0,0,133,251,1,0,32,343,0,0,0,0,0,0
104,0,0,133,251,1,0,32,343,0,0,0,0,0,1
104,0,0,133,251,1,0,32,343,0,0,0,1,0,1
104,0,0,133,251,1,0,32,343,0,0,0,0,0,0
104,0,0,133,251,1,0,32,341,0,0,0,1,0,0
103,0,0,133,251,1,0,32,337,0,0,0,1,1,0
103,0,0,133,251,1,0,32,335,0,0,0,0,0,0
103,0,0,133,251,1,0,32,334,0,0,0,0,1,0
103,0,0,133,251,1,0,32,332,0,0,0,0,0,0
103,0,0,133,251,1,0,32,331,0,0,0,0,0,0
103,0,0,133,251,1,0,32,328,0,0,0,0,0,1
103,0,0,133,251,0,0,32,328,0,0,0,1,0,1
103,0,0,133,251,0,0,32,325,0,0,0,0,0,0
103,0,0,133,251,0,0,32,324,0,0,0,1,0,0
103,0,0,133,251,0,0,32,321,0,0,0,1,1,0
103,0,0,133,251,0,0,32,319,0,0,0,0,0,0
103,0,0,133,251,0,0,32,319,0,0,0,0,1,0
103,0,0,133,251,0,0,32,318,0,0,0,0,0,0
103,0,0,133,251,0,0,32,316,0,0,0,0,0,0
103,0,0,133,249,0,0,32,314,0,0,0,0,0,1
103,0,0,133,248,0,0,32,312,0,0,0,1,0,1
103,0,0,133,248,0,0,32,311,0,0,0,0,0,0
103,0,0,133,248,0,1,32,308,0,0,0,1,0,0
103,0,0,133,248,0,1,32,308,0,0,0,1,1,0
103,0,0,133,248,0,1,32,305,0,0,0,0,0,0
103,0,0,133,248,0,0,32,303,0,0,0,0,1,0
103,0,0,133,248,0,0,32,302,0,0,0,0,0,0
103,0,0,133,248,0,0,32,299,0,0,0,0,0,0
103,0,0,133,248,0,0,32,300,0,0,0,0,0,1
103,0,0,133,266,0,0,1,298,0,0,0,1,0,1
103,0,0,133,248,0,0,1,302,0,0,0,0,0,0
103,0,0,133,248,0,0,1,302,0,0,0,1,0,0
103,0,0,133,248,0,0,1,302,0,0,0,1,1,0
103,0,0,133,248,0,0,1,302,0,0,0,0,0,0
103,0,0,133,248,0,0,1,302,0,0,0,0,1,0
103,0,0,133,248,0,0,1,302,0,0,0,0,0,0
102,0,0,133,248,0,0,1,302,0,0,0,0,0,0
102,0,0,133,248,0,0,1,302,0,0,0,0,0,1
102,0,0,133,248,0,0,1,302,0,0,0,1,0,1
102,0,0,133,248,0,0,1,302,0,0,0,0,0,0
102,0,0,133,248,0,0,1,302,0,0,0,1,0,0
102,0,0,133,248,0,0,1,302,0,0,0,1,1,0
102,0,0,133,248,0,0,1,304,0,0,0,0,0,0
102,0,0,133,248,1,0,1,304,0,0,0,0,1,0
102,0,0,133,251,1,0,1,306,0,0,0,0,0,0
102,0,0,133,251,1,0,1,306,0,0,0,0,0,0
102,0,0,133,254,1,0,1,309,0,0,0,0,0,1
102,0,0,133,257,1,0,1,311,0,0,0,1,0,1
102,0,0,133,257,1,0,1,311,0,0,0,0,0,0
102,0,0,133,259,1,0,1,314,0,0,0,1,0,0
102,0,0,133,259,1,0,1,316,0,0,0,1,1,0
102,0,0,133,259,1,0,1,317,0,0,0,0,0,0
102,0,0,133,259,1,0,1,318,0,0,0,0,1,0
102,0,0,133,259,1,0,1,320,0,0,0,0,0,0
102,0,0,133,259,1,0,1,320,0,0,0,0,0,0
102,0,0,133,259,1,0,1,323,0,0,0,0,0,1
102,0,0,133,259,1,0,1,324,0,0,0,1,0,1
102,0,0,133,259,1,0,1,326,0,0,0,0,0,0
102,0,0,133,259,1,0,1,327,0,0,0,1,0,0
102,0,0,133,259,1,0,1,327,0,0,0,1,1,0
102,0,0,133,259,1,0,1,330,0,0,0,0,0,0
102,0,0,133,259,1,0,1,332,0,0,0,0,1,0
102,0,0,133,259,1,0,1,333,0,0,0,0,0,0
102,0,0,133,259,1,0,1,334,0,0,0,0,0,0
102,0,0,133,259,1,0,1,336,0,0,0,0,0,1
102,0,0,133,259,1,0,1,338,0,0,0,1,0,1
102,0,0,133,259,0,0,1,339,0,0,0,0,0,0
102,0,0,133,259,0,0,1,339,0,0,0,1,0,0
101,0,0,133,259,0,0,1,341,0,0,0,1,1,0
101,0,0,133,259,0,0,1,343,0,0,0,0,0,0
101,0,0,133,259,0,0,1,345,0,0,0,0,1,0
101,0,0,133,259,0,0,1,346,0,0,0,0,0,0
101,0,0,133,259,0,0,1,348,0,0,0,0,0,0
101,0,0,133,259,0,0,1,348,0,0,0,0,0,1
101,0,0,133,258,0,0,1,349,0,0,0,1,0,1
101,0,0,133,258,0,0,1,352,0,0,0,0,0,0
101,0,0,133,258,0,1,1,353,0,0,0,1,0,0
101,0,0,133,258,0,1,1,354,0,0,0,1,1,0
101,0,0,133,258,0,1,1,354,0,0,0,0,0,0
101,0,0,133,258,0,1,1,354,1,0,0,0,1,0
101,0,0,133,258,0,0,1,354,1,0,0,0,0,0
101,0,0,133,258,0,0,1,357,1,0,0,0,0,0
101,0,0,133,258,0,0,1,358,1,0,0,0,0,1
101,0,0,133,258,0,0,1,361,1,0,0,1,0,1
101,0,0,133,258,0,0,1,363,1,0,0,0,0,0
101,0,0,133,258,0,0,1,364,1,0,0,1,0,0
101,0,0,133,258,0,0,1,365,1,0,0,1,1,0
101,0,0,133,258,0,0,1,367,1,0,0,0,0,0
101,0,0,133,258,0,0,1,370,1,0,0,0,1,0
101,0,0,133,258,0,0,1,371,1,0,0,0,0,0
101,0,0,133,258,0,0,1,374,1,0,0,0,0,0
101,0,0,133,258,0,0,1,376,1,0,0,0,0,1
101,0,0,133,258,0,0,1,377,1,0,0,1,0,1
101,0,0,133,258,0,0,1,379,1,0,0,0,0,0
101,0,0,133,258,0,0,1,380,0,0,0,1,0,0
101,0,0,133,258,0,0,1,381,0,0,0,1,1,0
101,0,0,133,258,0,0,1,381,0,0,0,0,0,0
101,0,0,133,258,0,0,1,382,0,0,0,0,1,0
101,0,0,133,258,0,0,1,383,0,0,0,0,0,0
100,0,0,133,258,0,0,1,383,0,0,0,0,0,0
100,0,0,133,258,0,0,1,383,0,0,0,0,0,1
100,0,0,133,258,0,0,1,383,0,0,0,1,0,1
100,0,0,133,258,0,0,1,384,0,0,0,0,0,0
100,0,0,133,258,0,0,1,384,0,0,0,1,0,0
100,0,0,133,258,0,0,1,384,0,0,0,1,1,0
100,0,0,133,258,0,0,1,384,0,0,0,0,0,0
100,0,0,133,258,0,0,1,384,0,0,0,0,1,0
100,0,0,133,258,0,0,1,384,0,0,0,0,0,0
100,0,0,133,258,0,0,1,384,0,0,0,0,0,0
100,0,0,133,258,0,0,1,384,0,0,0,0,0,1
100,0,0,133,258,0,0,1,384,0,0,0,1,0,1
100,0,0,133,258,0,0,1,384,0,0,0,0,0,0
100,0,0,133,258,0,0,1,384,0,0,0,1,0,0
100,0,0,133,258,0,0,1,384,0,0,0,1,1,0
100,0,0,133,258,0,0,1,384,0,0,0,0,0,0
100,0,0,133,258,0,0,1,384,0,0,0,0,1,0
100,0,0,133,258,0,0,1,384,0,0,0,0,0,0
100,0,0,133,258,0,0,1,384,0,0,0,0,0,0
100,0,0,133,258,0,0,1,384,0,0,0,0,0,1
100,0,0,133,256,0,0,1,384,0,0,0,1,0,1
100,0,0,133,256,0,0,1,384,0,0,0,0,0,0
100,0,0,133,256,0,1,1,384,0,0,0,1,0,0
100,0,0,133,256,0,1,1,384,0,0,0,1,1,0
100,0,0,133,256,0,1,1,384,0,0,0,0,0,0
100,0,0,133,256,0,0,1,384,0,0,0,0,1,0
100,0,0,133,256,0,0,1,384,0,0,0,0,0,0
100,0,0,133,256,0,0,1,384,0,0,0,0,0,0
100,0,0,133,256,0,0,1,384,0,0,0,0,0,1
100,0,0,133,256,0,0,1,384,0,0,0,1,0,1
100,0,0,133,256,0,0,1,384,0,0,0,0,0,0
99,0,0,133,256,0,0,1,384,0,0,0,1,0,0
99,0,0,133,256,0,0,1,384,0,0,0,1,1,0
99,0,0,133,259,1,0,1,384,0,0,0,0,0,0
99,0,0,133,261,1,0,1,384,0,0,0,0,1,0
99,0,0,133,264,1,0,1,384,0,0,0,0,0,0
99,0,0,133,265,1,0,1,384,0,0,0,0,0,0
99,0,0,133,266,1,0,1,384,0,0,0,0,0,1
99,0,0,133,282,1,0,1,380,0,0,0,1,0,1
99,0,0,133,267,1,0,1,380,0,0,0,0,0,0
99,0,0,133,267,1,0,1,378,0,0,0,1,0,0
99,0,0,133,267,1,0,1,377,0,0,0,1,1,0
99,0,0,133,267,1,0,1,374,0,0,0,0,0,0
99,0,0,133,267,1,0,1,374,0,0,0,0,1,0
99,0,0,133,267,1,0,1,371,0,0,0,0,0,0
99,0,0,133,267,1,0,1,369,0,0,0,0,0,0
99,0,0,133,267,1,0,1,368,0,0,0,0,0,1
99,0,0,133,431,1,0,1,364,0,0,0,1,0,1
99,0,0,133,267,1,0,1,365,0,0,0,0,0,0
99,0,0,133,267,1,0,1,361,0,0,0,1,0,0
99,0,0,133,267,1,0,1,359,0,0,1,1,1,0
99,0,0,133,267,1,0,1,358,0,0,0,0,0,0
99,0,0,133,267,1,0,1,356,0,0,0,0,1,0
99,0,0,133,445,1,0,1,352,0,0,0,0,0,0
99,0,0,133,267,1,0,1,352,0,0,0,0,0,0
99,0,0,133,267,0,0,1,351,0,0,0,0,0,1
99,0,0,133,267,0,0,1,349,0,0,0,1,0,1
99,0,0,133,267,0,0,1,348,0,0,1,0,0,0
99,0,0,133,267,0,0,1,345,0,0,0,1,0,0
99,0,0,133,267,0,0,1,343,0,0,0,1,1,0
99,0,0,133,267,0,0,1,342,0,0,0,0,0,0
99,0,0,133,462,0,0,1,337,0,0,0,0,1,0
99,0,0,133,267,0,0,1,339,0,0,0,0,0,0
98,0,0,133,267,0,0,1,338,0,0,0,0,0,0
98,0,0,133,267,0,0,1,333,0,0,0,0,0,1
98,0,0,133,267,0,0,1,332,0,0,0,1,0,1
98,0,0,133,285,0,0,1,329,0,0,0,0,0,0
98,0,0,133,267,0,0,1,329,0,0,0,1,0,0
98,0,0,133,267,0,0,1,326,0,0,0,1,1,0
98,0,0,133,282,0,0,1,323,0,0,1,0,0,0
98,0,0,133,269,1,0,1,323,0,0,0,0,1,0
98,1,1,133,271,1,0,255,322,0,0,0,0,0,0
